order_mode,seed,experiment_name,output_dir,model,optimizer,epochs,batch_size,max_train_examples,learning_rate,momentum,weight_decay,device,deterministic,save_embeddings,epoch,class_id,num_correct,num_examples,class_accuracy
label_block_random,2,results_v3_main,results_v3_main,small_cnn,sgd,10,128,20000,0.05,0.9,0.0005,cpu,False,True,1,0,0,1000,0.0
label_block_random,2,results_v3_main,results_v3_main,small_cnn,sgd,10,128,20000,0.05,0.9,0.0005,cpu,False,True,1,1,0,1000,0.0
label_block_random,2,results_v3_main,results_v3_main,small_cnn,sgd,10,128,20000,0.05,0.9,0.0005,cpu,False,True,1,2,1000,1000,1.0
label_block_random,2,results_v3_main,results_v3_main,small_cnn,sgd,10,128,20000,0.05,0.9,0.0005,cpu,False,True,1,3,0,1000,0.0
label_block_random,2,results_v3_main,results_v3_main,small_cnn,sgd,10,128,20000,0.05,0.9,0.0005,cpu,False,True,1,4,0,1000,0.0
label_block_random,2,results_v3_main,results_v3_main,small_cnn,sgd,10,128,20000,0.05,0.9,0.0005,cpu,False,True,1,5,0,1000,0.0
label_block_random,2,results_v3_main,results_v3_main,small_cnn,sgd,10,128,20000,0.05,0.9,0.0005,cpu,False,True,1,6,0,1000,0.0
label_block_random,2,results_v3_main,results_v3_main,small_cnn,sgd,10,128,20000,0.05,0.9,0.0005,cpu,False,True,1,7,0,1000,0.0
label_block_random,2,results_v3_main,results_v3_main,small_cnn,sgd,10,128,20000,0.05,0.9,0.0005,cpu,False,True,1,8,0,1000,0.0
label_block_random,2,results_v3_main,results_v3_main,small_cnn,sgd,10,128,20000,0.05,0.9,0.0005,cpu,False,True,1,9,0,1000,0.0
label_block_random,2,results_v3_main,results_v3_main,small_cnn,sgd,10,128,20000,0.05,0.9,0.0005,cpu,False,True,2,0,0,1000,0.0
label_block_random,2,results_v3_main,results_v3_main,small_cnn,sgd,10,128,20000,0.05,0.9,0.0005,cpu,False,True,2,1,0,1000,0.0
label_block_random,2,results_v3_main,results_v3_main,small_cnn,sgd,10,128,20000,0.05,0.9,0.0005,cpu,False,True,2,2,0,1000,0.0
label_block_random,2,results_v3_main,results_v3_main,small_cnn,sgd,10,128,20000,0.05,0.9,0.0005,cpu,False,True,2,3,0,1000,0.0
label_block_random,2,results_v3_main,results_v3_main,small_cnn,sgd,10,128,20000,0.05,0.9,0.0005,cpu,False,True,2,4,0,1000,0.0
label_block_random,2,results_v3_main,results_v3_main,small_cnn,sgd,10,128,20000,0.05,0.9,0.0005,cpu,False,True,2,5,0,1000,0.0
label_block_random,2,results_v3_main,results_v3_main,small_cnn,sgd,10,128,20000,0.05,0.9,0.0005,cpu,False,True,2,6,0,1000,0.0
label_block_random,2,results_v3_main,results_v3_main,small_cnn,sgd,10,128,20000,0.05,0.9,0.0005,cpu,False,True,2,7,0,1000,0.0
label_block_random,2,results_v3_main,results_v3_main,small_cnn,sgd,10,128,20000,0.05,0.9,0.0005,cpu,False,True,2,8,1000,1000,1.0
label_block_random,2,results_v3_main,results_v3_main,small_cnn,sgd,10,128,20000,0.05,0.9,0.0005,cpu,False,True,2,9,0,1000,0.0
label_block_random,2,results_v3_main,results_v3_main,small_cnn,sgd,10,128,20000,0.05,0.9,0.0005,cpu,False,True,3,0,0,1000,0.0
label_block_random,2,results_v3_main,results_v3_main,small_cnn,sgd,10,128,20000,0.05,0.9,0.0005,cpu,False,True,3,1,0,1000,0.0
label_block_random,2,results_v3_main,results_v3_main,small_cnn,sgd,10,128,20000,0.05,0.9,0.0005,cpu,False,True,3,2,1000,1000,1.0
label_block_random,2,results_v3_main,results_v3_main,small_cnn,sgd,10,128,20000,0.05,0.9,0.0005,cpu,False,True,3,3,0,1000,0.0
label_block_random,2,results_v3_main,results_v3_main,small_cnn,sgd,10,128,20000,0.05,0.9,0.0005,cpu,False,True,3,4,0,1000,0.0
label_block_random,2,results_v3_main,results_v3_main,small_cnn,sgd,10,128,20000,0.05,0.9,0.0005,cpu,False,True,3,5,0,1000,0.0
label_block_random,2,results_v3_main,results_v3_main,small_cnn,sgd,10,128,20000,0.05,0.9,0.0005,cpu,False,True,3,6,0,1000,0.0
label_block_random,2,results_v3_main,results_v3_main,small_cnn,sgd,10,128,20000,0.05,0.9,0.0005,cpu,False,True,3,7,0,1000,0.0
label_block_random,2,results_v3_main,results_v3_main,small_cnn,sgd,10,128,20000,0.05,0.9,0.0005,cpu,False,True,3,8,0,1000,0.0
label_block_random,2,results_v3_main,results_v3_main,small_cnn,sgd,10,128,20000,0.05,0.9,0.0005,cpu,False,True,3,9,0,1000,0.0
label_block_random,2,results_v3_main,results_v3_main,small_cnn,sgd,10,128,20000,0.05,0.9,0.0005,cpu,False,True,4,0,0,1000,0.0
label_block_random,2,results_v3_main,results_v3_main,small_cnn,sgd,10,128,20000,0.05,0.9,0.0005,cpu,False,True,4,1,0,1000,0.0
label_block_random,2,results_v3_main,results_v3_main,small_cnn,sgd,10,128,20000,0.05,0.9,0.0005,cpu,False,True,4,2,0,1000,0.0
label_block_random,2,results_v3_main,results_v3_main,small_cnn,sgd,10,128,20000,0.05,0.9,0.0005,cpu,False,True,4,3,0,1000,0.0
label_block_random,2,results_v3_main,results_v3_main,small_cnn,sgd,10,128,20000,0.05,0.9,0.0005,cpu,False,True,4,4,1000,1000,1.0
label_block_random,2,results_v3_main,results_v3_main,small_cnn,sgd,10,128,20000,0.05,0.9,0.0005,cpu,False,True,4,5,0,1000,0.0
label_block_random,2,results_v3_main,results_v3_main,small_cnn,sgd,10,128,20000,0.05,0.9,0.0005,cpu,False,True,4,6,0,1000,0.0
label_block_random,2,results_v3_main,results_v3_main,small_cnn,sgd,10,128,20000,0.05,0.9,0.0005,cpu,False,True,4,7,0,1000,0.0
label_block_random,2,results_v3_main,results_v3_main,small_cnn,sgd,10,128,20000,0.05,0.9,0.0005,cpu,False,True,4,8,0,1000,0.0
label_block_random,2,results_v3_main,results_v3_main,small_cnn,sgd,10,128,20000,0.05,0.9,0.0005,cpu,False,True,4,9,0,1000,0.0
label_block_random,2,results_v3_main,results_v3_main,small_cnn,sgd,10,128,20000,0.05,0.9,0.0005,cpu,False,True,5,0,0,1000,0.0
label_block_random,2,results_v3_main,results_v3_main,small_cnn,sgd,10,128,20000,0.05,0.9,0.0005,cpu,False,True,5,1,0,1000,0.0
label_block_random,2,results_v3_main,results_v3_main,small_cnn,sgd,10,128,20000,0.05,0.9,0.0005,cpu,False,True,5,2,1000,1000,1.0
label_block_random,2,results_v3_main,results_v3_main,small_cnn,sgd,10,128,20000,0.05,0.9,0.0005,cpu,False,True,5,3,0,1000,0.0
label_block_random,2,results_v3_main,results_v3_main,small_cnn,sgd,10,128,20000,0.05,0.9,0.0005,cpu,False,True,5,4,0,1000,0.0
label_block_random,2,results_v3_main,results_v3_main,small_cnn,sgd,10,128,20000,0.05,0.9,0.0005,cpu,False,True,5,5,0,1000,0.0
label_block_random,2,results_v3_main,results_v3_main,small_cnn,sgd,10,128,20000,0.05,0.9,0.0005,cpu,False,True,5,6,0,1000,0.0
label_block_random,2,results_v3_main,results_v3_main,small_cnn,sgd,10,128,20000,0.05,0.9,0.0005,cpu,False,True,5,7,0,1000,0.0
label_block_random,2,results_v3_main,results_v3_main,small_cnn,sgd,10,128,20000,0.05,0.9,0.0005,cpu,False,True,5,8,0,1000,0.0
label_block_random,2,results_v3_main,results_v3_main,small_cnn,sgd,10,128,20000,0.05,0.9,0.0005,cpu,False,True,5,9,0,1000,0.0
label_block_random,2,results_v3_main,results_v3_main,small_cnn,sgd,10,128,20000,0.05,0.9,0.0005,cpu,False,True,6,0,0,1000,0.0
label_block_random,2,results_v3_main,results_v3_main,small_cnn,sgd,10,128,20000,0.05,0.9,0.0005,cpu,False,True,6,1,0,1000,0.0
label_block_random,2,results_v3_main,results_v3_main,small_cnn,sgd,10,128,20000,0.05,0.9,0.0005,cpu,False,True,6,2,0,1000,0.0
label_block_random,2,results_v3_main,results_v3_main,small_cnn,sgd,10,128,20000,0.05,0.9,0.0005,cpu,False,True,6,3,0,1000,0.0
label_block_random,2,results_v3_main,results_v3_main,small_cnn,sgd,10,128,20000,0.05,0.9,0.0005,cpu,False,True,6,4,1000,1000,1.0
label_block_random,2,results_v3_main,results_v3_main,small_cnn,sgd,10,128,20000,0.05,0.9,0.0005,cpu,False,True,6,5,0,1000,0.0
label_block_random,2,results_v3_main,results_v3_main,small_cnn,sgd,10,128,20000,0.05,0.9,0.0005,cpu,False,True,6,6,0,1000,0.0
label_block_random,2,results_v3_main,results_v3_main,small_cnn,sgd,10,128,20000,0.05,0.9,0.0005,cpu,False,True,6,7,0,1000,0.0
label_block_random,2,results_v3_main,results_v3_main,small_cnn,sgd,10,128,20000,0.05,0.9,0.0005,cpu,False,True,6,8,0,1000,0.0
label_block_random,2,results_v3_main,results_v3_main,small_cnn,sgd,10,128,20000,0.05,0.9,0.0005,cpu,False,True,6,9,0,1000,0.0
label_block_random,2,results_v3_main,results_v3_main,small_cnn,sgd,10,128,20000,0.05,0.9,0.0005,cpu,False,True,7,0,0,1000,0.0
label_block_random,2,results_v3_main,results_v3_main,small_cnn,sgd,10,128,20000,0.05,0.9,0.0005,cpu,False,True,7,1,0,1000,0.0
label_block_random,2,results_v3_main,results_v3_main,small_cnn,sgd,10,128,20000,0.05,0.9,0.0005,cpu,False,True,7,2,0,1000,0.0
label_block_random,2,results_v3_main,results_v3_main,small_cnn,sgd,10,128,20000,0.05,0.9,0.0005,cpu,False,True,7,3,0,1000,0.0
label_block_random,2,results_v3_main,results_v3_main,small_cnn,sgd,10,128,20000,0.05,0.9,0.0005,cpu,False,True,7,4,0,1000,0.0
label_block_random,2,results_v3_main,results_v3_main,small_cnn,sgd,10,128,20000,0.05,0.9,0.0005,cpu,False,True,7,5,0,1000,0.0
label_block_random,2,results_v3_main,results_v3_main,small_cnn,sgd,10,128,20000,0.05,0.9,0.0005,cpu,False,True,7,6,1000,1000,1.0
label_block_random,2,results_v3_main,results_v3_main,small_cnn,sgd,10,128,20000,0.05,0.9,0.0005,cpu,False,True,7,7,0,1000,0.0
label_block_random,2,results_v3_main,results_v3_main,small_cnn,sgd,10,128,20000,0.05,0.9,0.0005,cpu,False,True,7,8,0,1000,0.0
label_block_random,2,results_v3_main,results_v3_main,small_cnn,sgd,10,128,20000,0.05,0.9,0.0005,cpu,False,True,7,9,0,1000,0.0
label_block_random,2,results_v3_main,results_v3_main,small_cnn,sgd,10,128,20000,0.05,0.9,0.0005,cpu,False,True,8,0,0,1000,0.0
label_block_random,2,results_v3_main,results_v3_main,small_cnn,sgd,10,128,20000,0.05,0.9,0.0005,cpu,False,True,8,1,0,1000,0.0
label_block_random,2,results_v3_main,results_v3_main,small_cnn,sgd,10,128,20000,0.05,0.9,0.0005,cpu,False,True,8,2,0,1000,0.0
label_block_random,2,results_v3_main,results_v3_main,small_cnn,sgd,10,128,20000,0.05,0.9,0.0005,cpu,False,True,8,3,0,1000,0.0
label_block_random,2,results_v3_main,results_v3_main,small_cnn,sgd,10,128,20000,0.05,0.9,0.0005,cpu,False,True,8,4,0,1000,0.0
label_block_random,2,results_v3_main,results_v3_main,small_cnn,sgd,10,128,20000,0.05,0.9,0.0005,cpu,False,True,8,5,0,1000,0.0
label_block_random,2,results_v3_main,results_v3_main,small_cnn,sgd,10,128,20000,0.05,0.9,0.0005,cpu,False,True,8,6,1000,1000,1.0
label_block_random,2,results_v3_main,results_v3_main,small_cnn,sgd,10,128,20000,0.05,0.9,0.0005,cpu,False,True,8,7,0,1000,0.0
label_block_random,2,results_v3_main,results_v3_main,small_cnn,sgd,10,128,20000,0.05,0.9,0.0005,cpu,False,True,8,8,0,1000,0.0
label_block_random,2,results_v3_main,results_v3_main,small_cnn,sgd,10,128,20000,0.05,0.9,0.0005,cpu,False,True,8,9,0,1000,0.0
label_block_random,2,results_v3_main,results_v3_main,small_cnn,sgd,10,128,20000,0.05,0.9,0.0005,cpu,False,True,9,0,0,1000,0.0
label_block_random,2,results_v3_main,results_v3_main,small_cnn,sgd,10,128,20000,0.05,0.9,0.0005,cpu,False,True,9,1,0,1000,0.0
label_block_random,2,results_v3_main,results_v3_main,small_cnn,sgd,10,128,20000,0.05,0.9,0.0005,cpu,False,True,9,2,0,1000,0.0
label_block_random,2,results_v3_main,results_v3_main,small_cnn,sgd,10,128,20000,0.05,0.9,0.0005,cpu,False,True,9,3,0,1000,0.0
label_block_random,2,results_v3_main,results_v3_main,small_cnn,sgd,10,128,20000,0.05,0.9,0.0005,cpu,False,True,9,4,0,1000,0.0
label_block_random,2,results_v3_main,results_v3_main,small_cnn,sgd,10,128,20000,0.05,0.9,0.0005,cpu,False,True,9,5,1000,1000,1.0
label_block_random,2,results_v3_main,results_v3_main,small_cnn,sgd,10,128,20000,0.05,0.9,0.0005,cpu,False,True,9,6,0,1000,0.0
label_block_random,2,results_v3_main,results_v3_main,small_cnn,sgd,10,128,20000,0.05,0.9,0.0005,cpu,False,True,9,7,0,1000,0.0
label_block_random,2,results_v3_main,results_v3_main,small_cnn,sgd,10,128,20000,0.05,0.9,0.0005,cpu,False,True,9,8,0,1000,0.0
label_block_random,2,results_v3_main,results_v3_main,small_cnn,sgd,10,128,20000,0.05,0.9,0.0005,cpu,False,True,9,9,0,1000,0.0
label_block_random,2,results_v3_main,results_v3_main,small_cnn,sgd,10,128,20000,0.05,0.9,0.0005,cpu,False,True,10,0,0,1000,0.0
label_block_random,2,results_v3_main,results_v3_main,small_cnn,sgd,10,128,20000,0.05,0.9,0.0005,cpu,False,True,10,1,1000,1000,1.0
label_block_random,2,results_v3_main,results_v3_main,small_cnn,sgd,10,128,20000,0.05,0.9,0.0005,cpu,False,True,10,2,0,1000,0.0
label_block_random,2,results_v3_main,results_v3_main,small_cnn,sgd,10,128,20000,0.05,0.9,0.0005,cpu,False,True,10,3,0,1000,0.0
label_block_random,2,results_v3_main,results_v3_main,small_cnn,sgd,10,128,20000,0.05,0.9,0.0005,cpu,False,True,10,4,0,1000,0.0
label_block_random,2,results_v3_main,results_v3_main,small_cnn,sgd,10,128,20000,0.05,0.9,0.0005,cpu,False,True,10,5,0,1000,0.0
label_block_random,2,results_v3_main,results_v3_main,small_cnn,sgd,10,128,20000,0.05,0.9,0.0005,cpu,False,True,10,6,0,1000,0.0
label_block_random,2,results_v3_main,results_v3_main,small_cnn,sgd,10,128,20000,0.05,0.9,0.0005,cpu,False,True,10,7,0,1000,0.0
label_block_random,2,results_v3_main,results_v3_main,small_cnn,sgd,10,128,20000,0.05,0.9,0.0005,cpu,False,True,10,8,0,1000,0.0
label_block_random,2,results_v3_main,results_v3_main,small_cnn,sgd,10,128,20000,0.05,0.9,0.0005,cpu,False,True,10,9,0,1000,0.0
