order_mode,seed,experiment_name,output_dir,model,optimizer,epochs,batch_size,max_train_examples,learning_rate,momentum,weight_decay,device,deterministic,save_embeddings,epoch,class_id,num_correct,num_examples,class_accuracy
label_block_random,2,results_v3_lr0p001,results_v3_lr0p001,small_cnn,sgd,10,128,20000,0.001,0.9,0.0005,cuda,False,False,1,0,0,1000,0.0
label_block_random,2,results_v3_lr0p001,results_v3_lr0p001,small_cnn,sgd,10,128,20000,0.001,0.9,0.0005,cuda,False,False,1,1,0,1000,0.0
label_block_random,2,results_v3_lr0p001,results_v3_lr0p001,small_cnn,sgd,10,128,20000,0.001,0.9,0.0005,cuda,False,False,1,2,0,1000,0.0
label_block_random,2,results_v3_lr0p001,results_v3_lr0p001,small_cnn,sgd,10,128,20000,0.001,0.9,0.0005,cuda,False,False,1,3,0,1000,0.0
label_block_random,2,results_v3_lr0p001,results_v3_lr0p001,small_cnn,sgd,10,128,20000,0.001,0.9,0.0005,cuda,False,False,1,4,0,1000,0.0
label_block_random,2,results_v3_lr0p001,results_v3_lr0p001,small_cnn,sgd,10,128,20000,0.001,0.9,0.0005,cuda,False,False,1,5,0,1000,0.0
label_block_random,2,results_v3_lr0p001,results_v3_lr0p001,small_cnn,sgd,10,128,20000,0.001,0.9,0.0005,cuda,False,False,1,6,0,1000,0.0
label_block_random,2,results_v3_lr0p001,results_v3_lr0p001,small_cnn,sgd,10,128,20000,0.001,0.9,0.0005,cuda,False,False,1,7,0,1000,0.0
label_block_random,2,results_v3_lr0p001,results_v3_lr0p001,small_cnn,sgd,10,128,20000,0.001,0.9,0.0005,cuda,False,False,1,8,0,1000,0.0
label_block_random,2,results_v3_lr0p001,results_v3_lr0p001,small_cnn,sgd,10,128,20000,0.001,0.9,0.0005,cuda,False,False,1,9,1000,1000,1.0
label_block_random,2,results_v3_lr0p001,results_v3_lr0p001,small_cnn,sgd,10,128,20000,0.001,0.9,0.0005,cuda,False,False,2,0,0,1000,0.0
label_block_random,2,results_v3_lr0p001,results_v3_lr0p001,small_cnn,sgd,10,128,20000,0.001,0.9,0.0005,cuda,False,False,2,1,0,1000,0.0
label_block_random,2,results_v3_lr0p001,results_v3_lr0p001,small_cnn,sgd,10,128,20000,0.001,0.9,0.0005,cuda,False,False,2,2,479,1000,0.479
label_block_random,2,results_v3_lr0p001,results_v3_lr0p001,small_cnn,sgd,10,128,20000,0.001,0.9,0.0005,cuda,False,False,2,3,944,1000,0.944
label_block_random,2,results_v3_lr0p001,results_v3_lr0p001,small_cnn,sgd,10,128,20000,0.001,0.9,0.0005,cuda,False,False,2,4,396,1000,0.396
label_block_random,2,results_v3_lr0p001,results_v3_lr0p001,small_cnn,sgd,10,128,20000,0.001,0.9,0.0005,cuda,False,False,2,5,33,1000,0.033
label_block_random,2,results_v3_lr0p001,results_v3_lr0p001,small_cnn,sgd,10,128,20000,0.001,0.9,0.0005,cuda,False,False,2,6,0,1000,0.0
label_block_random,2,results_v3_lr0p001,results_v3_lr0p001,small_cnn,sgd,10,128,20000,0.001,0.9,0.0005,cuda,False,False,2,7,0,1000,0.0
label_block_random,2,results_v3_lr0p001,results_v3_lr0p001,small_cnn,sgd,10,128,20000,0.001,0.9,0.0005,cuda,False,False,2,8,168,1000,0.168
label_block_random,2,results_v3_lr0p001,results_v3_lr0p001,small_cnn,sgd,10,128,20000,0.001,0.9,0.0005,cuda,False,False,2,9,858,1000,0.858
label_block_random,2,results_v3_lr0p001,results_v3_lr0p001,small_cnn,sgd,10,128,20000,0.001,0.9,0.0005,cuda,False,False,3,0,0,1000,0.0
label_block_random,2,results_v3_lr0p001,results_v3_lr0p001,small_cnn,sgd,10,128,20000,0.001,0.9,0.0005,cuda,False,False,3,1,0,1000,0.0
label_block_random,2,results_v3_lr0p001,results_v3_lr0p001,small_cnn,sgd,10,128,20000,0.001,0.9,0.0005,cuda,False,False,3,2,0,1000,0.0
label_block_random,2,results_v3_lr0p001,results_v3_lr0p001,small_cnn,sgd,10,128,20000,0.001,0.9,0.0005,cuda,False,False,3,3,0,1000,0.0
label_block_random,2,results_v3_lr0p001,results_v3_lr0p001,small_cnn,sgd,10,128,20000,0.001,0.9,0.0005,cuda,False,False,3,4,0,1000,0.0
label_block_random,2,results_v3_lr0p001,results_v3_lr0p001,small_cnn,sgd,10,128,20000,0.001,0.9,0.0005,cuda,False,False,3,5,0,1000,0.0
label_block_random,2,results_v3_lr0p001,results_v3_lr0p001,small_cnn,sgd,10,128,20000,0.001,0.9,0.0005,cuda,False,False,3,6,0,1000,0.0
label_block_random,2,results_v3_lr0p001,results_v3_lr0p001,small_cnn,sgd,10,128,20000,0.001,0.9,0.0005,cuda,False,False,3,7,0,1000,0.0
label_block_random,2,results_v3_lr0p001,results_v3_lr0p001,small_cnn,sgd,10,128,20000,0.001,0.9,0.0005,cuda,False,False,3,8,1000,1000,1.0
label_block_random,2,results_v3_lr0p001,results_v3_lr0p001,small_cnn,sgd,10,128,20000,0.001,0.9,0.0005,cuda,False,False,3,9,0,1000,0.0
label_block_random,2,results_v3_lr0p001,results_v3_lr0p001,small_cnn,sgd,10,128,20000,0.001,0.9,0.0005,cuda,False,False,4,0,0,1000,0.0
label_block_random,2,results_v3_lr0p001,results_v3_lr0p001,small_cnn,sgd,10,128,20000,0.001,0.9,0.0005,cuda,False,False,4,1,0,1000,0.0
label_block_random,2,results_v3_lr0p001,results_v3_lr0p001,small_cnn,sgd,10,128,20000,0.001,0.9,0.0005,cuda,False,False,4,2,1000,1000,1.0
label_block_random,2,results_v3_lr0p001,results_v3_lr0p001,small_cnn,sgd,10,128,20000,0.001,0.9,0.0005,cuda,False,False,4,3,0,1000,0.0
label_block_random,2,results_v3_lr0p001,results_v3_lr0p001,small_cnn,sgd,10,128,20000,0.001,0.9,0.0005,cuda,False,False,4,4,10,1000,0.01
label_block_random,2,results_v3_lr0p001,results_v3_lr0p001,small_cnn,sgd,10,128,20000,0.001,0.9,0.0005,cuda,False,False,4,5,0,1000,0.0
label_block_random,2,results_v3_lr0p001,results_v3_lr0p001,small_cnn,sgd,10,128,20000,0.001,0.9,0.0005,cuda,False,False,4,6,0,1000,0.0
label_block_random,2,results_v3_lr0p001,results_v3_lr0p001,small_cnn,sgd,10,128,20000,0.001,0.9,0.0005,cuda,False,False,4,7,0,1000,0.0
label_block_random,2,results_v3_lr0p001,results_v3_lr0p001,small_cnn,sgd,10,128,20000,0.001,0.9,0.0005,cuda,False,False,4,8,192,1000,0.192
label_block_random,2,results_v3_lr0p001,results_v3_lr0p001,small_cnn,sgd,10,128,20000,0.001,0.9,0.0005,cuda,False,False,4,9,306,1000,0.306
label_block_random,2,results_v3_lr0p001,results_v3_lr0p001,small_cnn,sgd,10,128,20000,0.001,0.9,0.0005,cuda,False,False,5,0,927,1000,0.927
label_block_random,2,results_v3_lr0p001,results_v3_lr0p001,small_cnn,sgd,10,128,20000,0.001,0.9,0.0005,cuda,False,False,5,1,884,1000,0.884
label_block_random,2,results_v3_lr0p001,results_v3_lr0p001,small_cnn,sgd,10,128,20000,0.001,0.9,0.0005,cuda,False,False,5,2,0,1000,0.0
label_block_random,2,results_v3_lr0p001,results_v3_lr0p001,small_cnn,sgd,10,128,20000,0.001,0.9,0.0005,cuda,False,False,5,3,0,1000,0.0
label_block_random,2,results_v3_lr0p001,results_v3_lr0p001,small_cnn,sgd,10,128,20000,0.001,0.9,0.0005,cuda,False,False,5,4,0,1000,0.0
label_block_random,2,results_v3_lr0p001,results_v3_lr0p001,small_cnn,sgd,10,128,20000,0.001,0.9,0.0005,cuda,False,False,5,5,0,1000,0.0
label_block_random,2,results_v3_lr0p001,results_v3_lr0p001,small_cnn,sgd,10,128,20000,0.001,0.9,0.0005,cuda,False,False,5,6,344,1000,0.344
label_block_random,2,results_v3_lr0p001,results_v3_lr0p001,small_cnn,sgd,10,128,20000,0.001,0.9,0.0005,cuda,False,False,5,7,1000,1000,1.0
label_block_random,2,results_v3_lr0p001,results_v3_lr0p001,small_cnn,sgd,10,128,20000,0.001,0.9,0.0005,cuda,False,False,5,8,0,1000,0.0
label_block_random,2,results_v3_lr0p001,results_v3_lr0p001,small_cnn,sgd,10,128,20000,0.001,0.9,0.0005,cuda,False,False,5,9,2,1000,0.002
label_block_random,2,results_v3_lr0p001,results_v3_lr0p001,small_cnn,sgd,10,128,20000,0.001,0.9,0.0005,cuda,False,False,6,0,0,1000,0.0
label_block_random,2,results_v3_lr0p001,results_v3_lr0p001,small_cnn,sgd,10,128,20000,0.001,0.9,0.0005,cuda,False,False,6,1,0,1000,0.0
label_block_random,2,results_v3_lr0p001,results_v3_lr0p001,small_cnn,sgd,10,128,20000,0.001,0.9,0.0005,cuda,False,False,6,2,0,1000,0.0
label_block_random,2,results_v3_lr0p001,results_v3_lr0p001,small_cnn,sgd,10,128,20000,0.001,0.9,0.0005,cuda,False,False,6,3,218,1000,0.218
label_block_random,2,results_v3_lr0p001,results_v3_lr0p001,small_cnn,sgd,10,128,20000,0.001,0.9,0.0005,cuda,False,False,6,4,998,1000,0.998
label_block_random,2,results_v3_lr0p001,results_v3_lr0p001,small_cnn,sgd,10,128,20000,0.001,0.9,0.0005,cuda,False,False,6,5,0,1000,0.0
label_block_random,2,results_v3_lr0p001,results_v3_lr0p001,small_cnn,sgd,10,128,20000,0.001,0.9,0.0005,cuda,False,False,6,6,0,1000,0.0
label_block_random,2,results_v3_lr0p001,results_v3_lr0p001,small_cnn,sgd,10,128,20000,0.001,0.9,0.0005,cuda,False,False,6,7,0,1000,0.0
label_block_random,2,results_v3_lr0p001,results_v3_lr0p001,small_cnn,sgd,10,128,20000,0.001,0.9,0.0005,cuda,False,False,6,8,0,1000,0.0
label_block_random,2,results_v3_lr0p001,results_v3_lr0p001,small_cnn,sgd,10,128,20000,0.001,0.9,0.0005,cuda,False,False,6,9,998,1000,0.998
label_block_random,2,results_v3_lr0p001,results_v3_lr0p001,small_cnn,sgd,10,128,20000,0.001,0.9,0.0005,cuda,False,False,7,0,0,1000,0.0
label_block_random,2,results_v3_lr0p001,results_v3_lr0p001,small_cnn,sgd,10,128,20000,0.001,0.9,0.0005,cuda,False,False,7,1,965,1000,0.965
label_block_random,2,results_v3_lr0p001,results_v3_lr0p001,small_cnn,sgd,10,128,20000,0.001,0.9,0.0005,cuda,False,False,7,2,2,1000,0.002
label_block_random,2,results_v3_lr0p001,results_v3_lr0p001,small_cnn,sgd,10,128,20000,0.001,0.9,0.0005,cuda,False,False,7,3,0,1000,0.0
label_block_random,2,results_v3_lr0p001,results_v3_lr0p001,small_cnn,sgd,10,128,20000,0.001,0.9,0.0005,cuda,False,False,7,4,0,1000,0.0
label_block_random,2,results_v3_lr0p001,results_v3_lr0p001,small_cnn,sgd,10,128,20000,0.001,0.9,0.0005,cuda,False,False,7,5,0,1000,0.0
label_block_random,2,results_v3_lr0p001,results_v3_lr0p001,small_cnn,sgd,10,128,20000,0.001,0.9,0.0005,cuda,False,False,7,6,643,1000,0.643
label_block_random,2,results_v3_lr0p001,results_v3_lr0p001,small_cnn,sgd,10,128,20000,0.001,0.9,0.0005,cuda,False,False,7,7,0,1000,0.0
label_block_random,2,results_v3_lr0p001,results_v3_lr0p001,small_cnn,sgd,10,128,20000,0.001,0.9,0.0005,cuda,False,False,7,8,0,1000,0.0
label_block_random,2,results_v3_lr0p001,results_v3_lr0p001,small_cnn,sgd,10,128,20000,0.001,0.9,0.0005,cuda,False,False,7,9,1000,1000,1.0
label_block_random,2,results_v3_lr0p001,results_v3_lr0p001,small_cnn,sgd,10,128,20000,0.001,0.9,0.0005,cuda,False,False,8,0,0,1000,0.0
label_block_random,2,results_v3_lr0p001,results_v3_lr0p001,small_cnn,sgd,10,128,20000,0.001,0.9,0.0005,cuda,False,False,8,1,0,1000,0.0
label_block_random,2,results_v3_lr0p001,results_v3_lr0p001,small_cnn,sgd,10,128,20000,0.001,0.9,0.0005,cuda,False,False,8,2,0,1000,0.0
label_block_random,2,results_v3_lr0p001,results_v3_lr0p001,small_cnn,sgd,10,128,20000,0.001,0.9,0.0005,cuda,False,False,8,3,667,1000,0.667
label_block_random,2,results_v3_lr0p001,results_v3_lr0p001,small_cnn,sgd,10,128,20000,0.001,0.9,0.0005,cuda,False,False,8,4,3,1000,0.003
label_block_random,2,results_v3_lr0p001,results_v3_lr0p001,small_cnn,sgd,10,128,20000,0.001,0.9,0.0005,cuda,False,False,8,5,0,1000,0.0
label_block_random,2,results_v3_lr0p001,results_v3_lr0p001,small_cnn,sgd,10,128,20000,0.001,0.9,0.0005,cuda,False,False,8,6,544,1000,0.544
label_block_random,2,results_v3_lr0p001,results_v3_lr0p001,small_cnn,sgd,10,128,20000,0.001,0.9,0.0005,cuda,False,False,8,7,734,1000,0.734
label_block_random,2,results_v3_lr0p001,results_v3_lr0p001,small_cnn,sgd,10,128,20000,0.001,0.9,0.0005,cuda,False,False,8,8,963,1000,0.963
label_block_random,2,results_v3_lr0p001,results_v3_lr0p001,small_cnn,sgd,10,128,20000,0.001,0.9,0.0005,cuda,False,False,8,9,993,1000,0.993
label_block_random,2,results_v3_lr0p001,results_v3_lr0p001,small_cnn,sgd,10,128,20000,0.001,0.9,0.0005,cuda,False,False,9,0,0,1000,0.0
label_block_random,2,results_v3_lr0p001,results_v3_lr0p001,small_cnn,sgd,10,128,20000,0.001,0.9,0.0005,cuda,False,False,9,1,0,1000,0.0
label_block_random,2,results_v3_lr0p001,results_v3_lr0p001,small_cnn,sgd,10,128,20000,0.001,0.9,0.0005,cuda,False,False,9,2,9,1000,0.009
label_block_random,2,results_v3_lr0p001,results_v3_lr0p001,small_cnn,sgd,10,128,20000,0.001,0.9,0.0005,cuda,False,False,9,3,973,1000,0.973
label_block_random,2,results_v3_lr0p001,results_v3_lr0p001,small_cnn,sgd,10,128,20000,0.001,0.9,0.0005,cuda,False,False,9,4,817,1000,0.817
label_block_random,2,results_v3_lr0p001,results_v3_lr0p001,small_cnn,sgd,10,128,20000,0.001,0.9,0.0005,cuda,False,False,9,5,906,1000,0.906
label_block_random,2,results_v3_lr0p001,results_v3_lr0p001,small_cnn,sgd,10,128,20000,0.001,0.9,0.0005,cuda,False,False,9,6,2,1000,0.002
label_block_random,2,results_v3_lr0p001,results_v3_lr0p001,small_cnn,sgd,10,128,20000,0.001,0.9,0.0005,cuda,False,False,9,7,168,1000,0.168
label_block_random,2,results_v3_lr0p001,results_v3_lr0p001,small_cnn,sgd,10,128,20000,0.001,0.9,0.0005,cuda,False,False,9,8,468,1000,0.468
label_block_random,2,results_v3_lr0p001,results_v3_lr0p001,small_cnn,sgd,10,128,20000,0.001,0.9,0.0005,cuda,False,False,9,9,981,1000,0.981
label_block_random,2,results_v3_lr0p001,results_v3_lr0p001,small_cnn,sgd,10,128,20000,0.001,0.9,0.0005,cuda,False,False,10,0,754,1000,0.754
label_block_random,2,results_v3_lr0p001,results_v3_lr0p001,small_cnn,sgd,10,128,20000,0.001,0.9,0.0005,cuda,False,False,10,1,936,1000,0.936
label_block_random,2,results_v3_lr0p001,results_v3_lr0p001,small_cnn,sgd,10,128,20000,0.001,0.9,0.0005,cuda,False,False,10,2,0,1000,0.0
label_block_random,2,results_v3_lr0p001,results_v3_lr0p001,small_cnn,sgd,10,128,20000,0.001,0.9,0.0005,cuda,False,False,10,3,0,1000,0.0
label_block_random,2,results_v3_lr0p001,results_v3_lr0p001,small_cnn,sgd,10,128,20000,0.001,0.9,0.0005,cuda,False,False,10,4,2,1000,0.002
label_block_random,2,results_v3_lr0p001,results_v3_lr0p001,small_cnn,sgd,10,128,20000,0.001,0.9,0.0005,cuda,False,False,10,5,999,1000,0.999
label_block_random,2,results_v3_lr0p001,results_v3_lr0p001,small_cnn,sgd,10,128,20000,0.001,0.9,0.0005,cuda,False,False,10,6,757,1000,0.757
label_block_random,2,results_v3_lr0p001,results_v3_lr0p001,small_cnn,sgd,10,128,20000,0.001,0.9,0.0005,cuda,False,False,10,7,0,1000,0.0
label_block_random,2,results_v3_lr0p001,results_v3_lr0p001,small_cnn,sgd,10,128,20000,0.001,0.9,0.0005,cuda,False,False,10,8,336,1000,0.336
label_block_random,2,results_v3_lr0p001,results_v3_lr0p001,small_cnn,sgd,10,128,20000,0.001,0.9,0.0005,cuda,False,False,10,9,1,1000,0.001
