order_mode,epoch,class_id,class_accuracy_mean,class_accuracy_std
label_block_random,1,0,0.6666666666666666,0.5773502691896258
label_block_random,1,1,0.0,0.0
label_block_random,1,2,0.3333333333333333,0.5773502691896258
label_block_random,1,3,0.0,0.0
label_block_random,1,4,0.0,0.0
label_block_random,1,5,0.0,0.0
label_block_random,1,6,0.0,0.0
label_block_random,1,7,0.0,0.0
label_block_random,1,8,0.0,0.0
label_block_random,1,9,0.0,0.0
label_block_random,2,0,0.6666666666666666,0.5773502691896258
label_block_random,2,1,0.0,0.0
label_block_random,2,2,0.0,0.0
label_block_random,2,3,0.0,0.0
label_block_random,2,4,0.0,0.0
label_block_random,2,5,0.0,0.0
label_block_random,2,6,0.0,0.0
label_block_random,2,7,0.0,0.0
label_block_random,2,8,0.3333333333333333,0.5773502691896258
label_block_random,2,9,0.0,0.0
label_block_random,3,0,0.6666666666666666,0.5773502691896258
label_block_random,3,1,0.0,0.0
label_block_random,3,2,0.3333333333333333,0.5773502691896258
label_block_random,3,3,0.0,0.0
label_block_random,3,4,0.0,0.0
label_block_random,3,5,0.0,0.0
label_block_random,3,6,0.0,0.0
label_block_random,3,7,0.0,0.0
label_block_random,3,8,0.0,0.0
label_block_random,3,9,0.0,0.0
label_block_random,4,0,0.6666666666666666,0.5773502691896258
label_block_random,4,1,0.0,0.0
label_block_random,4,2,0.0,0.0
label_block_random,4,3,0.0,0.0
label_block_random,4,4,0.3333333333333333,0.5773502691896258
label_block_random,4,5,0.0,0.0
label_block_random,4,6,0.0,0.0
label_block_random,4,7,0.0,0.0
label_block_random,4,8,0.0,0.0
label_block_random,4,9,0.0,0.0
label_block_random,5,0,0.6666666666666666,0.5773502691896258
label_block_random,5,1,0.0,0.0
label_block_random,5,2,0.3333333333333333,0.5773502691896258
label_block_random,5,3,0.0,0.0
label_block_random,5,4,0.0,0.0
label_block_random,5,5,0.0,0.0
label_block_random,5,6,0.0,0.0
label_block_random,5,7,0.0,0.0
label_block_random,5,8,0.0,0.0
label_block_random,5,9,0.0,0.0
label_block_random,6,0,0.6666666666666666,0.5773502691896258
label_block_random,6,1,0.0,0.0
label_block_random,6,2,0.0,0.0
label_block_random,6,3,0.0,0.0
label_block_random,6,4,0.3333333333333333,0.5773502691896258
label_block_random,6,5,0.0,0.0
label_block_random,6,6,0.0,0.0
label_block_random,6,7,0.0,0.0
label_block_random,6,8,0.0,0.0
label_block_random,6,9,0.0,0.0
label_block_random,7,0,0.6666666666666666,0.5773502691896258
label_block_random,7,1,0.0,0.0
label_block_random,7,2,0.0,0.0
label_block_random,7,3,0.0,0.0
label_block_random,7,4,0.0,0.0
label_block_random,7,5,0.0,0.0
label_block_random,7,6,0.3333333333333333,0.5773502691896258
label_block_random,7,7,0.0,0.0
label_block_random,7,8,0.0,0.0
label_block_random,7,9,0.0,0.0
label_block_random,8,0,0.6666666666666666,0.5773502691896258
label_block_random,8,1,0.0,0.0
label_block_random,8,2,0.0,0.0
label_block_random,8,3,0.0,0.0
label_block_random,8,4,0.0,0.0
label_block_random,8,5,0.0,0.0
label_block_random,8,6,0.3333333333333333,0.5773502691896258
label_block_random,8,7,0.0,0.0
label_block_random,8,8,0.0,0.0
label_block_random,8,9,0.0,0.0
label_block_random,9,0,0.6666666666666666,0.5773502691896258
label_block_random,9,1,0.0,0.0
label_block_random,9,2,0.0,0.0
label_block_random,9,3,0.0,0.0
label_block_random,9,4,0.0,0.0
label_block_random,9,5,0.3333333333333333,0.5773502691896258
label_block_random,9,6,0.0,0.0
label_block_random,9,7,0.0,0.0
label_block_random,9,8,0.0,0.0
label_block_random,9,9,0.0,0.0
label_block_random,10,0,0.6666666666666666,0.5773502691896258
label_block_random,10,1,0.3333333333333333,0.5773502691896258
label_block_random,10,2,0.0,0.0
label_block_random,10,3,0.0,0.0
label_block_random,10,4,0.0,0.0
label_block_random,10,5,0.0,0.0
label_block_random,10,6,0.0,0.0
label_block_random,10,7,0.0,0.0
label_block_random,10,8,0.0,0.0
label_block_random,10,9,0.0,0.0
label_sorted,1,0,1.0,0.0
label_sorted,1,1,0.0,0.0
label_sorted,1,2,0.0,0.0
label_sorted,1,3,0.0,0.0
label_sorted,1,4,0.0,0.0
label_sorted,1,5,0.0,0.0
label_sorted,1,6,0.0,0.0
label_sorted,1,7,0.0,0.0
label_sorted,1,8,0.0,0.0
label_sorted,1,9,0.0,0.0
label_sorted,2,0,1.0,0.0
label_sorted,2,1,0.0,0.0
label_sorted,2,2,0.0,0.0
label_sorted,2,3,0.0,0.0
label_sorted,2,4,0.0,0.0
label_sorted,2,5,0.0,0.0
label_sorted,2,6,0.0,0.0
label_sorted,2,7,0.0,0.0
label_sorted,2,8,0.0,0.0
label_sorted,2,9,0.0,0.0
label_sorted,3,0,1.0,0.0
label_sorted,3,1,0.0,0.0
label_sorted,3,2,0.0,0.0
label_sorted,3,3,0.0,0.0
label_sorted,3,4,0.0,0.0
label_sorted,3,5,0.0,0.0
label_sorted,3,6,0.0,0.0
label_sorted,3,7,0.0,0.0
label_sorted,3,8,0.0,0.0
label_sorted,3,9,0.0,0.0
label_sorted,4,0,1.0,0.0
label_sorted,4,1,0.0,0.0
label_sorted,4,2,0.0,0.0
label_sorted,4,3,0.0,0.0
label_sorted,4,4,0.0,0.0
label_sorted,4,5,0.0,0.0
label_sorted,4,6,0.0,0.0
label_sorted,4,7,0.0,0.0
label_sorted,4,8,0.0,0.0
label_sorted,4,9,0.0,0.0
label_sorted,5,0,1.0,0.0
label_sorted,5,1,0.0,0.0
label_sorted,5,2,0.0,0.0
label_sorted,5,3,0.0,0.0
label_sorted,5,4,0.0,0.0
label_sorted,5,5,0.0,0.0
label_sorted,5,6,0.0,0.0
label_sorted,5,7,0.0,0.0
label_sorted,5,8,0.0,0.0
label_sorted,5,9,0.0,0.0
label_sorted,6,0,1.0,0.0
label_sorted,6,1,0.0,0.0
label_sorted,6,2,0.0,0.0
label_sorted,6,3,0.0,0.0
label_sorted,6,4,0.0,0.0
label_sorted,6,5,0.0,0.0
label_sorted,6,6,0.0,0.0
label_sorted,6,7,0.0,0.0
label_sorted,6,8,0.0,0.0
label_sorted,6,9,0.0,0.0
label_sorted,7,0,1.0,0.0
label_sorted,7,1,0.0,0.0
label_sorted,7,2,0.0,0.0
label_sorted,7,3,0.0,0.0
label_sorted,7,4,0.0,0.0
label_sorted,7,5,0.0,0.0
label_sorted,7,6,0.0,0.0
label_sorted,7,7,0.0,0.0
label_sorted,7,8,0.0,0.0
label_sorted,7,9,0.0,0.0
label_sorted,8,0,1.0,0.0
label_sorted,8,1,0.0,0.0
label_sorted,8,2,0.0,0.0
label_sorted,8,3,0.0,0.0
label_sorted,8,4,0.0,0.0
label_sorted,8,5,0.0,0.0
label_sorted,8,6,0.0,0.0
label_sorted,8,7,0.0,0.0
label_sorted,8,8,0.0,0.0
label_sorted,8,9,0.0,0.0
label_sorted,9,0,1.0,0.0
label_sorted,9,1,0.0,0.0
label_sorted,9,2,0.0,0.0
label_sorted,9,3,0.0,0.0
label_sorted,9,4,0.0,0.0
label_sorted,9,5,0.0,0.0
label_sorted,9,6,0.0,0.0
label_sorted,9,7,0.0,0.0
label_sorted,9,8,0.0,0.0
label_sorted,9,9,0.0,0.0
label_sorted,10,0,1.0,0.0
label_sorted,10,1,0.0,0.0
label_sorted,10,2,0.0,0.0
label_sorted,10,3,0.0,0.0
label_sorted,10,4,0.0,0.0
label_sorted,10,5,0.0,0.0
label_sorted,10,6,0.0,0.0
label_sorted,10,7,0.0,0.0
label_sorted,10,8,0.0,0.0
label_sorted,10,9,0.0,0.0
